SNR_dB,rho,PEP_near,PEP_far,T_near,T_far,T_sum,P_B,P_C,EE
5.0,0.0500000000,0.4060858800,0.4087317894,0.2969570600,0.1478170526,0.4447741127,3.1622776602,0.2000000000,0.1322835761
5.0,0.0545226131,0.4026506305,0.4053803283,0.2986746848,0.1486549179,0.4473296027,3.1622776602,0.2000000000,0.1330436234
5.0,0.0590452261,0.3994308321,0.4022376769,0.3002845840,0.1494405808,0.4497251648,3.1622776602,0.2000000000,0.1337561053
5.0,0.0635678392,0.3964031944,0.3992812903,0.3017984028,0.1501796774,0.4519780802,3.1622776602,0.2000000000,0.1344261616
5.0,0.0680904523,0.3935483696,0.3964924416,0.3032258152,0.1508768896,0.4541027048,3.1622776602,0.2000000000,0.1350580620
5.0,0.0726130653,0.3908500672,0.3938553637,0.3045749664,0.1515361591,0.4561111255,3.1622776602,0.2000000000,0.1356554014
5.0,0.0771356784,0.3882944115,0.3913566272,0.3058527942,0.1521608432,0.4580136374,3.1622776602,0.2000000000,0.1362212416
5.0,0.0816582915,0.3858694632,0.3889846772,0.3070652684,0.1527538307,0.4598190991,3.1622776602,0.2000000000,0.1367582174
5.0,0.0861809045,0.3835648581,0.3867294833,0.3082175710,0.1533176292,0.4615352002,3.1622776602,0.2000000000,0.1372686157
5.0,0.0907035176,0.3813715285,0.3845822699,0.3093142357,0.1538544325,0.4631686683,3.1622776602,0.2000000000,0.1377544376
5.0,0.0952261307,0.3792814857,0.3825353053,0.3103592571,0.1543661737,0.4647254308,3.1622776602,0.2000000000,0.1382174460
5.0,0.0997487437,0.3772876471,0.3805817350,0.3113561764,0.1548545663,0.4662107427,3.1622776602,0.2000000000,0.1386592036
5.0,0.1042713568,0.3753836984,0.3787154474,0.3123081508,0.1553211381,0.4676292889,3.1622776602,0.2000000000,0.1390811040
5.0,0.1087939698,0.3735639813,0.3769309661,0.3132180094,0.1557672585,0.4689852678,3.1622776602,0.2000000000,0.1394843958
5.0,0.1133165829,0.3718234018,0.3752233602,0.3140882991,0.1561941599,0.4702824591,3.1622776602,0.2000000000,0.1398702031
5.0,0.1178391960,0.3701573546,0.3735881722,0.3149213227,0.1566029570,0.4715242797,3.1622776602,0.2000000000,0.1402395422
5.0,0.1223618090,0.3685616602,0.3720213558,0.3157191699,0.1569946611,0.4727138309,3.1622776602,0.2000000000,0.1405933354
5.0,0.1268844221,0.3670325119,0.3705192257,0.3164837441,0.1573701936,0.4738539376,3.1622776602,0.2000000000,0.1409324231
5.0,0.1314070352,0.3655664309,0.3690784141,0.3172167845,0.1577303965,0.4749471810,3.1622776602,0.2000000000,0.1412575727
5.0,0.1359296482,0.3641602290,0.3676958337,0.3179198855,0.1580760416,0.4759959271,3.1622776602,0.2000000000,0.1415694881
5.0,0.1404522613,0.3628109755,0.3663686468,0.3185945122,0.1584078383,0.4770023505,3.1622776602,0.2000000000,0.1418688159
5.0,0.1449748744,0.3615159698,0.3650942380,0.3192420151,0.1587264405,0.4779684556,3.1622776602,0.2000000000,0.1421561524
5.0,0.1494974874,0.3602727170,0.3638701911,0.3198636415,0.1590324522,0.4788960938,3.1622776602,0.2000000000,0.1424320482
5.0,0.1540201005,0.3590789070,0.3626942686,0.3204605465,0.1593264328,0.4797869793,3.1622776602,0.2000000000,0.1426970131
5.0,0.1585427136,0.3579323966,0.3615643945,0.3210338017,0.1596089014,0.4806427031,3.1622776602,0.2000000000,0.1429515203
5.0,0.1630653266,0.3568311931,0.3604786382,0.3215844034,0.1598803405,0.4814647439,3.1622776602,0.2000000000,0.1431960095
5.0,0.1675879397,0.3557734404,0.3594352015,0.3221132798,0.1601411996,0.4822544794,3.1622776602,0.2000000000,0.1434308906
5.0,0.1721105528,0.3547574068,0.3584324065,0.3226212966,0.1603918984,0.4830131950,3.1622776602,0.2000000000,0.1436565459
5.0,0.1766331658,0.3537814735,0.3574686845,0.3231092632,0.1606328289,0.4837420921,3.1622776602,0.2000000000,0.1438733326
5.0,0.1811557789,0.3528441255,0.3565425673,0.3235779372,0.1608643582,0.4844422954,3.1622776602,0.2000000000,0.1440815853
5.0,0.1856783920,0.3519439425,0.3556526783,0.3240280287,0.1610868304,0.4851148592,3.1622776602,0.2000000000,0.1442816175
5.0,0.1902010050,0.3510795912,0.3547977249,0.3244602044,0.1613005688,0.4857607732,3.1622776602,0.2000000000,0.1444737235
5.0,0.1947236181,0.3502498183,0.3539764924,0.3248750908,0.1615058769,0.4863809677,3.1622776602,0.2000000000,0.1446581802
5.0,0.1992462312,0.3494534444,0.3531878372,0.3252732778,0.1617030407,0.4869763185,3.1622776602,0.2000000000,0.1448352479
5.0,0.2037688442,0.3486893582,0.3524306818,0.3256553209,0.1618923296,0.4875476504,3.1622776602,0.2000000000,0.1450051720
5.0,0.2082914573,0.3479565114,0.3517040096,0.3260217443,0.1620739976,0.4880957419,3.1622776602,0.2000000000,0.1451681840
5.0,0.2128140704,0.3472539143,0.3510068607,0.3263730428,0.1622482848,0.4886213277,3.1622776602,0.2000000000,0.1453245023
5.0,0.2173366834,0.3465806312,0.3503383277,0.3267096844,0.1624154181,0.4891251025,3.1622776602,0.2000000000,0.1454743337
5.0,0.2218592965,0.3459357772,0.3496975521,0.3270321114,0.1625756120,0.4896077234,3.1622776602,0.2000000000,0.1456178736
5.0,0.2263819095,0.3453185140,0.3490837208,0.3273407430,0.1627290698,0.4900698128,3.1622776602,0.2000000000,0.1457553071
5.0,0.2309045226,0.3447280474,0.3484960633,0.3276359763,0.1628759842,0.4905119605,3.1622776602,0.2000000000,0.1458868095
5.0,0.2354271357,0.3441636240,0.3479338484,0.3279181880,0.1630165379,0.4909347259,3.1622776602,0.2000000000,0.1460125473
5.0,0.2399497487,0.3436245289,0.3473963824,0.3281877356,0.1631509044,0.4913386400,3.1622776602,0.2000000000,0.1461326784
5.0,0.2444723618,0.3431100826,0.3468830061,0.3284449587,0.1632792485,0.4917242071,3.1622776602,0.2000000000,0.1462473528
5.0,0.2489949749,0.3426196398,0.3463930929,0.3286901801,0.1634017268,0.4920919069,3.1622776602,0.2000000000,0.1463567131
5.0,0.2535175879,0.3421525863,0.3459260468,0.3289237068,0.1635184883,0.4924421951,3.1622776602,0.2000000000,0.1464608949
5.0,0.2580402010,0.3417083378,0.3454813006,0.3291458311,0.1636296748,0.4927755059,3.1622776602,0.2000000000,0.1465600274
5.0,0.2625628141,0.3412863379,0.3450583141,0.3293568311,0.1637354215,0.4930922525,3.1622776602,0.2000000000,0.1466542333
5.0,0.2670854271,0.3408860564,0.3446565726,0.3295569718,0.1638358569,0.4933928287,3.1622776602,0.2000000000,0.1467436299
5.0,0.2716080402,0.3405069880,0.3442755854,0.3297465060,0.1639311036,0.4936776096,3.1622776602,0.2000000000,0.1468283287
5.0,0.2761306533,0.3401486510,0.3439148847,0.3299256745,0.1640212788,0.4939469533,3.1622776602,0.2000000000,0.1469084363
5.0,0.2806532663,0.3398105855,0.3435740241,0.3300947073,0.1641064940,0.4942012012,3.1622776602,0.2000000000,0.1469840540
5.0,0.2851758794,0.3394923528,0.3432525774,0.3302538236,0.1641868557,0.4944406793,3.1622776602,0.2000000000,0.1470552790
5.0,0.2896984925,0.3391935339,0.3429501377,0.3304032330,0.1642624656,0.4946656986,3.1622776602,0.2000000000,0.1471222036
5.0,0.2942211055,0.3389137289,0.3426663165,0.3305431356,0.1643334209,0.4948765564,3.1622776602,0.2000000000,0.1471849164
5.0,0.2987437186,0.3386525554,0.3424007425,0.3306737223,0.1643998144,0.4950735367,3.1622776602,0.2000000000,0.1472435018
5.0,0.3032663317,0.3384096481,0.3421530607,0.3307951759,0.1644617348,0.4952569108,3.1622776602,0.2000000000,0.1472980404
5.0,0.3077889447,0.3381846579,0.3419229322,0.3309076710,0.1645192670,0.4954269380,3.1622776602,0.2000000000,0.1473486095
5.0,0.3123115578,0.3379772510,0.3417100324,0.3310113745,0.1645724919,0.4955838664,3.1622776602,0.2000000000,0.1473952827
5.0,0.3168341709,0.3377871082,0.3415140515,0.3311064459,0.1646214871,0.4957279330,3.1622776602,0.2000000000,0.1474381307
5.0,0.3213567839,0.3376139242,0.3413346926,0.3311930379,0.1646663268,0.4958593648,3.1622776602,0.2000000000,0.1474772208
5.0,0.3258793970,0.3374574070,0.3411716722,0.3312712965,0.1647070819,0.4959783785,3.1622776602,0.2000000000,0.1475126175
5.0,0.3304020101,0.3373172773,0.3410247189,0.3313413614,0.1647438203,0.4960851816,3.1622776602,0.2000000000,0.1475443826
5.0,0.3349246231,0.3371932680,0.3408935732,0.3314033660,0.1647766067,0.4961799727,3.1622776602,0.2000000000,0.1475725752
5.0,0.3394472362,0.3370851235,0.3407779866,0.3314574383,0.1648055033,0.4962629416,3.1622776602,0.2000000000,0.1475972516
5.0,0.3439698492,0.3369925993,0.3406777218,0.3315037003,0.1648305695,0.4963342699,3.1622776602,0.2000000000,0.1476184658
5.0,0.3484924623,0.3369154618,0.3405925516,0.3315422691,0.1648518621,0.4963941312,3.1622776602,0.2000000000,0.1476362696
5.0,0.3530150754,0.3368534872,0.3405222586,0.3315732564,0.1648694353,0.4964426918,3.1622776602,0.2000000000,0.1476507124
5.0,0.3575376884,0.3368064617,0.3404666353,0.3315967691,0.1648833412,0.4964801103,3.1622776602,0.2000000000,0.1476618413
5.0,0.3620603015,0.3367741811,0.3404254829,0.3316129094,0.1648936293,0.4965065387,3.1622776602,0.2000000000,0.1476697016
5.0,0.3665829146,0.3367564500,0.3403986119,0.3316217750,0.1649003470,0.4965221221,3.1622776602,0.2000000000,0.1476743363
5.0,0.3711055276,0.3367530816,0.3403858408,0.3316234592,0.1649035398,0.4965269990,3.1622776602,0.2000000000,0.1476757868
5.0,0.3756281407,0.3367638979,0.3403869965,0.3316180511,0.1649032509,0.4965213019,3.1622776602,0.2000000000,0.1476740924
5.0,0.3801507538,0.3367887286,0.3404019138,0.3316056357,0.1648995216,0.4965051572,3.1622776602,0.2000000000,0.1476692907
5.0,0.3846733668,0.3368274114,0.3404304350,0.3315862943,0.1648923913,0.4964786856,3.1622776602,0.2000000000,0.1476614176
5.0,0.3891959799,0.3368797915,0.3404724096,0.3315601043,0.1648818976,0.4964420019,3.1622776602,0.2000000000,0.1476505072
5.0,0.3937185930,0.3369457212,0.3405276946,0.3315271394,0.1648680764,0.4963952157,3.1622776602,0.2000000000,0.1476365922
5.0,0.3982412060,0.3370250602,0.3405961534,0.3314874699,0.1648509617,0.4963384316,3.1622776602,0.2000000000,0.1476197036
5.0,0.4027638191,0.3371176746,0.3406776562,0.3314411627,0.1648305859,0.4962717487,3.1622776602,0.2000000000,0.1475998709
5.0,0.4072864322,0.3372234374,0.3407720798,0.3313882813,0.1648069800,0.4961952613,3.1622776602,0.2000000000,0.1475771223
5.0,0.4118090452,0.3373422279,0.3408793070,0.3313288860,0.1647801732,0.4961090593,3.1622776602,0.2000000000,0.1475514843
5.0,0.4163316583,0.3374739316,0.3409992268,0.3312630342,0.1647501933,0.4960132275,3.1622776602,0.2000000000,0.1475229822
5.0,0.4208542714,0.3376184401,0.3411317340,0.3311907799,0.1647170665,0.4959078464,3.1622776602,0.2000000000,0.1474916401
5.0,0.4253768844,0.3377756508,0.3412767291,0.3311121746,0.1646808177,0.4957929923,3.1622776602,0.2000000000,0.1474574804
5.0,0.4298994975,0.3379454669,0.3414341184,0.3310272666,0.1646414704,0.4956687369,3.1622776602,0.2000000000,0.1474205247
5.0,0.4344221106,0.3381277970,0.3416038135,0.3309361015,0.1645990466,0.4955351481,3.1622776602,0.2000000000,0.1473807931
5.0,0.4389447236,0.3383225554,0.3417857311,0.3308387223,0.1645535672,0.4953922895,3.1622776602,0.2000000000,0.1473383044
5.0,0.4434673367,0.3385296615,0.3419797935,0.3307351692,0.1645050516,0.4952402209,3.1622776602,0.2000000000,0.1472930766
5.0,0.4479899497,0.3387490400,0.3421859277,0.3306254800,0.1644535181,0.4950789981,3.1622776602,0.2000000000,0.1472451261
5.0,0.4525125628,0.3389806205,0.3424040658,0.3305096897,0.1643989836,0.4949086733,3.1622776602,0.2000000000,0.1471944685
5.0,0.4570351759,0.3392243379,0.3426341447,0.3303878311,0.1643414638,0.4947292949,3.1622776602,0.2000000000,0.1471411183
5.0,0.4615577889,0.3394801316,0.3428761063,0.3302599342,0.1642809734,0.4945409076,3.1622776602,0.2000000000,0.1470850886
5.0,0.4660804020,0.3397479460,0.3431298969,0.3301260270,0.1642175258,0.4943435528,3.1622776602,0.2000000000,0.1470263918
5.0,0.4706030151,0.3400277303,0.3433954674,0.3299861349,0.1641511331,0.4941372680,3.1622776602,0.2000000000,0.1469650392
5.0,0.4751256281,0.3403194380,0.3436727734,0.3298402810,0.1640818066,0.4939220876,3.1622776602,0.2000000000,0.1469010408
5.0,0.4796482412,0.3406230274,0.3439617749,0.3296884863,0.1640095563,0.4936980426,3.1622776602,0.2000000000,0.1468344059
5.0,0.4841708543,0.3409384613,0.3442624362,0.3295307693,0.1639343910,0.4934651603,3.1622776602,0.2000000000,0.1467651426
5.0,0.4886934673,0.3412657068,0.3445747260,0.3293671466,0.1638563185,0.4932234651,3.1622776602,0.2000000000,0.1466932583
5.0,0.4932160804,0.3416047354,0.3448986172,0.3291976323,0.1637753457,0.4929729780,3.1622776602,0.2000000000,0.1466187590
5.0,0.4977386935,0.3419555230,0.3452340872,0.3290222385,0.1636914782,0.4927137167,3.1622776602,0.2000000000,0.1465416502
5.0,0.5022613065,0.3423180498,0.3455811174,0.3288409751,0.1636047207,0.4924456958,3.1622776602,0.2000000000,0.1464619361
5.0,0.5067839196,0.3426923002,0.3459396932,0.3286538499,0.1635150767,0.4921689266,3.1622776602,0.2000000000,0.1463796201
5.0,0.5113065327,0.3430782628,0.3463098046,0.3284608686,0.1634225488,0.4918834174,3.1622776602,0.2000000000,0.1462947047
5.0,0.5158291457,0.3434759305,0.3466914454,0.3282620347,0.1633271387,0.4915891734,3.1622776602,0.2000000000,0.1462071914
5.0,0.5203517588,0.3438853003,0.3470846134,0.3280573498,0.1632288466,0.4912861965,3.1622776602,0.2000000000,0.1461170808
5.0,0.5248743719,0.3443063735,0.3474893109,0.3278468133,0.1631276723,0.4909744855,3.1622776602,0.2000000000,0.1460243725
5.0,0.5293969849,0.3447391553,0.3479055438,0.3276304224,0.1630236140,0.4906540364,3.1622776602,0.2000000000,0.1459290654
5.0,0.5339195980,0.3451836552,0.3483333225,0.3274081724,0.1629166694,0.4903248418,3.1622776602,0.2000000000,0.1458311571
5.0,0.5384422111,0.3456398870,0.3487726612,0.3271800565,0.1628068347,0.4899868912,3.1622776602,0.2000000000,0.1457306447
5.0,0.5429648241,0.3461078684,0.3492235782,0.3269460658,0.1626941054,0.4896401712,3.1622776602,0.2000000000,0.1456275242
5.0,0.5474874372,0.3465876215,0.3496860961,0.3267061892,0.1625784760,0.4892846652,3.1622776602,0.2000000000,0.1455217905
5.0,0.5520100503,0.3470791724,0.3501602415,0.3264604138,0.1624599396,0.4889203534,3.1622776602,0.2000000000,0.1454134378
5.0,0.5565326633,0.3475825516,0.3506460450,0.3262087242,0.1623384887,0.4885472130,3.1622776602,0.2000000000,0.1453024593
5.0,0.5610552764,0.3480977936,0.3511435416,0.3259511032,0.1622141146,0.4881652178,3.1622776602,0.2000000000,0.1451888473
5.0,0.5655778894,0.3486249374,0.3516527703,0.3256875313,0.1620868074,0.4877743387,3.1622776602,0.2000000000,0.1450725931
5.0,0.5701005025,0.3491640261,0.3521737745,0.3254179869,0.1619565564,0.4873745433,3.1622776602,0.2000000000,0.1449536869
5.0,0.5746231156,0.3497151074,0.3527066017,0.3251424463,0.1618233496,0.4869657959,3.1622776602,0.2000000000,0.1448321183
5.0,0.5791457286,0.3502782332,0.3532513040,0.3248608834,0.1616871740,0.4865480574,3.1622776602,0.2000000000,0.1447078756
5.0,0.5836683417,0.3508534599,0.3538079376,0.3245732700,0.1615480156,0.4861212856,3.1622776602,0.2000000000,0.1445809462
5.0,0.5881909548,0.3514408485,0.3543765633,0.3242795758,0.1614058592,0.4856854349,3.1622776602,0.2000000000,0.1444513166
5.0,0.5927135678,0.3520404645,0.3549572464,0.3239797678,0.1612606884,0.4852404562,3.1622776602,0.2000000000,0.1443189722
5.0,0.5972361809,0.3526523781,0.3555500567,0.3236738110,0.1611124858,0.4847862968,3.1622776602,0.2000000000,0.1441838973
5.0,0.6017587940,0.3532766641,0.3561550689,0.3233616679,0.1609612328,0.4843229007,3.1622776602,0.2000000000,0.1440460752
5.0,0.6062814070,0.3539134025,0.3567723621,0.3230432988,0.1608069095,0.4838502082,3.1622776602,0.2000000000,0.1439054882
5.0,0.6108040201,0.3545626778,0.3574020205,0.3227186611,0.1606494949,0.4833681560,3.1622776602,0.2000000000,0.1437621175
5.0,0.6153266332,0.3552245797,0.3580441333,0.3223877101,0.1604889667,0.4828766768,3.1622776602,0.2000000000,0.1436159430
5.0,0.6198492462,0.3558992031,0.3586987945,0.3220503984,0.1603253014,0.4823756998,3.1622776602,0.2000000000,0.1434669437
5.0,0.6243718593,0.3565866481,0.3593661034,0.3217066759,0.1601584741,0.4818651501,3.1622776602,0.2000000000,0.1433150973
5.0,0.6288944724,0.3572870201,0.3600461648,0.3213564899,0.1599884588,0.4813449487,3.1622776602,0.2000000000,0.1431603804
5.0,0.6334170854,0.3580004302,0.3607390886,0.3209997849,0.1598152278,0.4808150128,3.1622776602,0.2000000000,0.1430027682
5.0,0.6379396985,0.3587269949,0.3614449905,0.3206365026,0.1596387524,0.4802752549,3.1622776602,0.2000000000,0.1428422348
5.0,0.6424623116,0.3594668366,0.3621639919,0.3202665817,0.1594590020,0.4797255837,3.1622776602,0.2000000000,0.1426787530
5.0,0.6469849246,0.3602200840,0.3628962199,0.3198899580,0.1592759450,0.4791659030,3.1622776602,0.2000000000,0.1425122942
5.0,0.6515075377,0.3609868714,0.3636418080,0.3195065643,0.1590895480,0.4785961123,3.1622776602,0.2000000000,0.1423428285
5.0,0.6560301508,0.3617673398,0.3644008958,0.3191163301,0.1588997761,0.4780161061,3.1622776602,0.2000000000,0.1421703245
5.0,0.6605527638,0.3625616368,0.3651736291,0.3187191816,0.1587065927,0.4774257743,3.1622776602,0.2000000000,0.1419947496
5.0,0.6650753769,0.3633699164,0.3659601607,0.3183150418,0.1585099598,0.4768250016,3.1622776602,0.2000000000,0.1418160693
5.0,0.6695979899,0.3641923399,0.3667606502,0.3179038300,0.1583098374,0.4762136675,3.1622776602,0.2000000000,0.1416342479
5.0,0.6741206030,0.3650290757,0.3675752643,0.3174854621,0.1581061839,0.4755916461,3.1622776602,0.2000000000,0.1414492478
5.0,0.6786432161,0.3658802996,0.3684041769,0.3170598502,0.1578989558,0.4749588060,3.1622776602,0.2000000000,0.1412610302
5.0,0.6831658291,0.3667461953,0.3692475697,0.3166269024,0.1576881076,0.4743150099,3.1622776602,0.2000000000,0.1410695540
5.0,0.6876884422,0.3676269544,0.3701056325,0.3161865228,0.1574735919,0.4736601147,3.1622776602,0.2000000000,0.1408747767
5.0,0.6922110553,0.3685227768,0.3709785629,0.3157386116,0.1572553593,0.4729939709,3.1622776602,0.2000000000,0.1406766540
5.0,0.6967336683,0.3694338712,0.3718665674,0.3152830644,0.1570333582,0.4723164226,3.1622776602,0.2000000000,0.1404751393
5.0,0.7012562814,0.3703604552,0.3727698611,0.3148197724,0.1568075347,0.4716273071,3.1622776602,0.2000000000,0.1402701843
5.0,0.7057788945,0.3713027560,0.3736886688,0.3143486220,0.1565778328,0.4709264548,3.1622776602,0.2000000000,0.1400617386
5.0,0.7103015075,0.3722610102,0.3746232244,0.3138694949,0.1563441939,0.4702136888,3.1622776602,0.2000000000,0.1398497496
5.0,0.7148241206,0.3732354649,0.3755737722,0.3133822676,0.1561065569,0.4694888245,3.1622776602,0.2000000000,0.1396341623
5.0,0.7193467337,0.3742263777,0.3765405670,0.3128868112,0.1558648582,0.4687516694,3.1622776602,0.2000000000,0.1394149195
5.0,0.7238693467,0.3752340174,0.3775238745,0.3123829913,0.1556190314,0.4680020227,3.1622776602,0.2000000000,0.1391919615
5.0,0.7283919598,0.3762586643,0.3785239718,0.3118706678,0.1553690071,0.4672396749,3.1622776602,0.2000000000,0.1389652260
5.0,0.7329145729,0.3773006111,0.3795411480,0.3113496944,0.1551147130,0.4664644074,3.1622776602,0.2000000000,0.1387346479
5.0,0.7374371859,0.3783601631,0.3805757051,0.3108199185,0.1548560737,0.4656759922,3.1622776602,0.2000000000,0.1385001595
5.0,0.7419597990,0.3794376389,0.3816279579,0.3102811805,0.1545930105,0.4648741911,3.1622776602,0.2000000000,0.1382616899
5.0,0.7464824121,0.3805333714,0.3826982354,0.3097333143,0.1543254412,0.4640587555,3.1622776602,0.2000000000,0.1380191651
5.0,0.7510050251,0.3816477079,0.3837868808,0.3091761461,0.1540532798,0.4632294259,3.1622776602,0.2000000000,0.1377725080
5.0,0.7555276382,0.3827810115,0.3848942529,0.3086094942,0.1537764368,0.4623859310,3.1622776602,0.2000000000,0.1375216379
5.0,0.7600502513,0.3839336616,0.3860207266,0.3080331692,0.1534948183,0.4615279875,3.1622776602,0.2000000000,0.1372664706
5.0,0.7645728643,0.3851060548,0.3871666936,0.3074469726,0.1532083266,0.4606552992,3.1622776602,0.2000000000,0.1370069179
5.0,0.7690954774,0.3862986056,0.3883325637,0.3068506972,0.1529168591,0.4597675562,3.1622776602,0.2000000000,0.1367428876
5.0,0.7736180905,0.3875117481,0.3895187655,0.3062441259,0.1526203086,0.4588644345,3.1622776602,0.2000000000,0.1364742835
5.0,0.7781407035,0.3887459364,0.3907257477,0.3056270318,0.1523185631,0.4579455949,3.1622776602,0.2000000000,0.1362010045
5.0,0.7826633166,0.3900016461,0.3919539801,0.3049991770,0.1520115050,0.4570106819,3.1622776602,0.2000000000,0.1359229451
5.0,0.7871859296,0.3912793754,0.3932039549,0.3043603123,0.1516990113,0.4560593236,3.1622776602,0.2000000000,0.1356399946
5.0,0.7917085427,0.3925796468,0.3944761880,0.3037101766,0.1513809530,0.4550911296,3.1622776602,0.2000000000,0.1353520368
5.0,0.7962311558,0.3939030081,0.3957712207,0.3030484959,0.1510571948,0.4541056907,3.1622776602,0.2000000000,0.1350589501
5.0,0.8007537688,0.3952500346,0.3970896210,0.3023749827,0.1507275947,0.4531025774,3.1622776602,0.2000000000,0.1347606067
5.0,0.8052763819,0.3966213302,0.3984319855,0.3016893349,0.1503920036,0.4520813385,3.1622776602,0.2000000000,0.1344568725
5.0,0.8097989950,0.3980175298,0.3997989410,0.3009912351,0.1500502648,0.4510414999,3.1622776602,0.2000000000,0.1341476063
5.0,0.8143216080,0.3994393009,0.4011911469,0.3002803495,0.1497022133,0.4499825628,3.1622776602,0.2000000000,0.1338326600
5.0,0.8188442211,0.4008873465,0.4026092972,0.2995563268,0.1493476757,0.4489040025,3.1622776602,0.2000000000,0.1335118773
5.0,0.8233668342,0.4023624066,0.4040541228,0.2988187967,0.1489864693,0.4478052660,3.1622776602,0.2000000000,0.1331850939
5.0,0.8278894472,0.4038652618,0.4055263944,0.2980673691,0.1486184014,0.4466857705,3.1622776602,0.2000000000,0.1328521365
5.0,0.8324120603,0.4053967356,0.4070269251,0.2973016322,0.1482432687,0.4455449009,3.1622776602,0.2000000000,0.1325128220
5.0,0.8369346734,0.4069576978,0.4085565737,0.2965211511,0.1478608566,0.4443820077,3.1622776602,0.2000000000,0.1321669572
5.0,0.8414572864,0.4085490680,0.4101162483,0.2957254660,0.1474709379,0.4431964040,3.1622776602,0.2000000000,0.1318143380
5.0,0.8459798995,0.4101718193,0.4117069094,0.2949140903,0.1470732726,0.4419873630,3.1622776602,0.2000000000,0.1314547481
5.0,0.8505025126,0.4118269829,0.4133295752,0.2940865085,0.1466676062,0.4407541147,3.1622776602,0.2000000000,0.1310879586
5.0,0.8550251256,0.4135156523,0.4149853252,0.2932421738,0.1462536687,0.4394958425,3.1622776602,0.2000000000,0.1307137265
5.0,0.8595477387,0.4152389889,0.4166753058,0.2923805056,0.1458311735,0.4382116791,3.1622776602,0.2000000000,0.1303317939
5.0,0.8640703518,0.4169982273,0.4184007360,0.2915008863,0.1453998160,0.4369007023,3.1622776602,0.2000000000,0.1299418866
5.0,0.8685929648,0.4187946822,0.4201629134,0.2906026589,0.1449592717,0.4355619306,3.1622776602,0.2000000000,0.1295437125
5.0,0.8731155779,0.4206297551,0.4219632214,0.2896851225,0.1445091946,0.4341943171,3.1622776602,0.2000000000,0.1291369604
5.0,0.8776381910,0.4225049424,0.4238031372,0.2887475288,0.1440492157,0.4327967445,3.1622776602,0.2000000000,0.1287212980
5.0,0.8821608040,0.4244218443,0.4256842401,0.2877890779,0.1435789400,0.4313680178,3.1622776602,0.2000000000,0.1282963697
5.0,0.8866834171,0.4263821748,0.4276082220,0.2868089126,0.1430979445,0.4299068571,3.1622776602,0.2000000000,0.1278617951
5.0,0.8912060302,0.4283877728,0.4295768978,0.2858061136,0.1426057755,0.4284118892,3.1622776602,0.2000000000,0.1274171655
5.0,0.8957286432,0.4304406151,0.4315922186,0.2847796925,0.1421019453,0.4268816378,3.1622776602,0.2000000000,0.1269620421
5.0,0.9002512563,0.4325428307,0.4336562855,0.2837285846,0.1415859286,0.4253145133,3.1622776602,0.2000000000,0.1264959519
5.0,0.9047738693,0.4346967172,0.4357713662,0.2826516414,0.1410571584,0.4237087998,3.1622776602,0.2000000000,0.1260183848
5.0,0.9092964824,0.4369047597,0.4379399131,0.2815476201,0.1405150217,0.4220626418,3.1622776602,0.2000000000,0.1255287887
5.0,0.9138190955,0.4391696523,0.4401645850,0.2804151738,0.1399588537,0.4203740276,3.1622776602,0.2000000000,0.1250265653
5.0,0.9183417085,0.4414943229,0.4424482713,0.2792528385,0.1393879322,0.4186407707,3.1622776602,0.2000000000,0.1245110645
5.0,0.9228643216,0.4438819621,0.4447941207,0.2780590189,0.1388014698,0.4168604888,3.1622776602,0.2000000000,0.1239815776
5.0,0.9273869347,0.4463360568,0.4472055740,0.2768319716,0.1381986065,0.4150305781,3.1622776602,0.2000000000,0.1234373303
5.0,0.9319095477,0.4488604291,0.4496864030,0.2755697854,0.1375783993,0.4131481847,3.1622776602,0.2000000000,0.1228774737
5.0,0.9364321608,0.4514592829,0.4522407559,0.2742703586,0.1369398110,0.4112101696,3.1622776602,0.2000000000,0.1223010742
5.0,0.9409547739,0.4541372581,0.4548732115,0.2729313709,0.1362816971,0.4092130681,3.1622776602,0.2000000000,0.1217071014
5.0,0.9454773869,0.4568994965,0.4575888433,0.2715502517,0.1356027892,0.4071530409,3.1622776602,0.2000000000,0.1210944134
5.0,0.9500000000,0.4597517198,0.4603932975,0.2701241401,0.1349016756,0.4050258157,3.1622776602,0.2000000000,0.1204617395
10.0,0.0500000000,0.2283469727,0.2455393291,0.3858265136,0.1886151677,0.5744416814,10.0000000000,0.2000000000,0.0563178119
10.0,0.0545226131,0.2221305322,0.2394270422,0.3889347339,0.1901432394,0.5790779734,10.0000000000,0.2000000000,0.0567723503
10.0,0.0590452261,0.2165144695,0.2338870126,0.3917427652,0.1915282468,0.5832710121,10.0000000000,0.2000000000,0.0571834326
10.0,0.0635678392,0.2114146994,0.2288407760,0.3942926503,0.1927898060,0.5870824563,10.0000000000,0.2000000000,0.0575571036
10.0,0.0680904523,0.2067630596,0.2242245262,0.3966184702,0.1939438685,0.5905623387,10.0000000000,0.2000000000,0.0578982685
10.0,0.0726130653,0.2025035666,0.2199856980,0.3987482167,0.1950035755,0.5937517922,10.0000000000,0.2000000000,0.0582109600
10.0,0.0771356784,0.1985897105,0.2160804942,0.4007051447,0.1959798765,0.5966850212,10.0000000000,0.2000000000,0.0584985315
10.0,0.0816582915,0.1949824617,0.2124720576,0.4025087692,0.1968819856,0.5993907548,10.0000000000,0.2000000000,0.0587637995
10.0,0.0861809045,0.1916487735,0.2091290969,0.4041756133,0.1977177258,0.6018933390,10.0000000000,0.2000000000,0.0590091509
10.0,0.0907035176,0.1885604413,0.2060248358,0.4057197794,0.1984937910,0.6042135704,10.0000000000,0.2000000000,0.0592366245
10.0,0.0952261307,0.1856932190,0.2031361983,0.4071533905,0.1992159504,0.6063693409,10.0000000000,0.2000000000,0.0594479746
10.0,0.0997487437,0.1830261275,0.2004431695,0.4084869362,0.1998892076,0.6083761438,10.0000000000,0.2000000000,0.0596447200
10.0,0.1042713568,0.1805409069,0.1979282879,0.4097295466,0.2005179280,0.6102474746,10.0000000000,0.2000000000,0.0598281838
10.0,0.1087939698,0.1782215773,0.1955762380,0.4108892114,0.2011059405,0.6119951519,10.0000000000,0.2000000000,0.0599995247
10.0,0.1133165829,0.1760540849,0.1933735211,0.4119729575,0.2016566197,0.6136295773,10.0000000000,0.2000000000,0.0601597625
10.0,0.1178391960,0.1740260130,0.1913081856,0.4129869935,0.2021729536,0.6151599471,10.0000000000,0.2000000000,0.0603097987
10.0,0.1223618090,0.1721263446,0.1893696059,0.4139368277,0.2026575985,0.6165944262,10.0000000000,0.2000000000,0.0604504339
10.0,0.1268844221,0.1703452666,0.1875482985,0.4148273667,0.2031129254,0.6179402921,10.0000000000,0.2000000000,0.0605823816
10.0,0.1314070352,0.1686740057,0.1858357692,0.4156629971,0.2035410577,0.6192040548,10.0000000000,0.2000000000,0.0607062799
10.0,0.1359296482,0.1671046923,0.1842243837,0.4164476539,0.2039439041,0.6203915579,10.0000000000,0.2000000000,0.0608227018
10.0,0.1404522613,0.1656302441,0.1827072601,0.4171848779,0.2043231850,0.6215080629,10.0000000000,0.2000000000,0.0609321630
10.0,0.1449748744,0.1642442692,0.1812781758,0.4178778654,0.2046804561,0.6225583214,10.0000000000,0.2000000000,0.0610351296
10.0,0.1494974874,0.1629409821,0.1799314892,0.4185295090,0.2050171277,0.6235466367,10.0000000000,0.2000000000,0.0611320232
10.0,0.1540201005,0.1617151326,0.1786620722,0.4191424337,0.2053344819,0.6244769156,10.0000000000,0.2000000000,0.0612232270
10.0,0.1585427136,0.1605619449,0.1774652526,0.4197190276,0.2056336869,0.6253527144,10.0000000000,0.2000000000,0.0613090896
10.0,0.1630653266,0.1594770640,0.1763367630,0.4202614680,0.2059158092,0.6261772773,10.0000000000,0.2000000000,0.0613899291
10.0,0.1675879397,0.1584565105,0.1752726982,0.4207717448,0.2061818254,0.6269535702,10.0000000000,0.2000000000,0.0614660363
10.0,0.1721105528,0.1574966403,0.1742694768,0.4212516798,0.2064326308,0.6276843106,10.0000000000,0.2000000000,0.0615376775
10.0,0.1766331658,0.1565941103,0.1733238079,0.4217029449,0.2066690480,0.6283719929,10.0000000000,0.2000000000,0.0616050973
10.0,0.1811557789,0.1557458473,0.1724326625,0.4221270764,0.2068918344,0.6290189107,10.0000000000,0.2000000000,0.0616685207
10.0,0.1856783920,0.1549490217,0.1715932473,0.4225254892,0.2071016882,0.6296271773,10.0000000000,0.2000000000,0.0617281546
10.0,0.1902010050,0.1542010238,0.1708029829,0.4228994881,0.2072992543,0.6301987424,10.0000000000,0.2000000000,0.0617841904
10.0,0.1947236181,0.1534994428,0.1700594830,0.4232502786,0.2074851292,0.6307354079,10.0000000000,0.2000000000,0.0618368047
10.0,0.1992462312,0.1528420485,0.1693605373,0.4235789757,0.2076598657,0.6312388414,10.0000000000,0.2000000000,0.0618861609
10.0,0.2037688442,0.1522267750,0.1687040952,0.4238866125,0.2078239762,0.6317105887,10.0000000000,0.2000000000,0.0619324107
10.0,0.2082914573,0.1516517056,0.1680882524,0.4241741472,0.2079779369,0.6321520841,10.0000000000,0.2000000000,0.0619756945
10.0,0.2128140704,0.1511150604,0.1675112375,0.4244424698,0.2081221906,0.6325646604,10.0000000000,0.2000000000,0.0620161432
10.0,0.2173366834,0.1506151841,0.1669714015,0.4246924080,0.2082571496,0.6329495576,10.0000000000,0.2000000000,0.0620538782
10.0,0.2218592965,0.1501505357,0.1664672073,0.4249247322,0.2083831982,0.6333079303,10.0000000000,0.2000000000,0.0620890128
10.0,0.2263819095,0.1497196792,0.1659972206,0.4251401604,0.2085006949,0.6336408552,10.0000000000,0.2000000000,0.0621216525
10.0,0.2309045226,0.1493212752,0.1655601017,0.4253393624,0.2086099746,0.6339493370,10.0000000000,0.2000000000,0.0621518958
10.0,0.2354271357,0.1489540727,0.1651545984,0.4255229637,0.2087113504,0.6342343141,10.0000000000,0.2000000000,0.0621798347
10.0,0.2399497487,0.1486169029,0.1647795387,0.4256915486,0.2088051153,0.6344966639,10.0000000000,0.2000000000,0.0622055553
10.0,0.2444723618,0.1483086726,0.1644338255,0.4258456637,0.2088915436,0.6347372073,10.0000000000,0.2000000000,0.0622291380
10.0,0.2489949749,0.1480283585,0.1641164301,0.4259858208,0.2089708925,0.6349567132,10.0000000000,0.2000000000,0.0622506582
10.0,0.2535175879,0.1477750020,0.1638263883,0.4261124990,0.2090434029,0.6351559019,10.0000000000,0.2000000000,0.0622701865
10.0,0.2580402010,0.1475477050,0.1635627949,0.4262261475,0.2091093013,0.6353354488,10.0000000000,0.2000000000,0.0622877891
10.0,0.2625628141,0.1473456248,0.1633248001,0.4263271876,0.2091688000,0.6354959876,10.0000000000,0.2000000000,0.0623035282
10.0,0.2670854271,0.1471679710,0.1631116053,0.4264160145,0.2092220987,0.6356381132,10.0000000000,0.2000000000,0.0623174621
10.0,0.2716080402,0.1470140014,0.1629224600,0.4264929993,0.2092693850,0.6357623843,10.0000000000,0.2000000000,0.0623296455
10.0,0.2761306533,0.1468830189,0.1627566583,0.4265584906,0.2093108354,0.6358693260,10.0000000000,0.2000000000,0.0623401300
10.0,0.2806532663,0.1467743687,0.1626135361,0.4266128156,0.2093466160,0.6359594316,10.0000000000,0.2000000000,0.0623489639
10.0,0.2851758794,0.1466874354,0.1624924686,0.4266562823,0.2093768829,0.6360331652,10.0000000000,0.2000000000,0.0623561927
10.0,0.2896984925,0.1466216403,0.1623928673,0.4266891798,0.2094017832,0.6360909630,10.0000000000,0.2000000000,0.0623618591
10.0,0.2942211055,0.1465764395,0.1623141783,0.4267117802,0.2094214554,0.6361332357,10.0000000000,0.2000000000,0.0623660035
10.0,0.2987437186,0.1465513214,0.1622558800,0.4267243393,0.2094360300,0.6361603693,10.0000000000,0.2000000000,0.0623686637
10.0,0.3032663317,0.1465458050,0.1622174809,0.4267270975,0.2094456298,0.6361727273,10.0000000000,0.2000000000,0.0623698752
10.0,0.3077889447,0.1465594378,0.1621985184,0.4267202811,0.2094503704,0.6361706515,10.0000000000,0.2000000000,0.0623696717
10.0,0.3123115578,0.1465917946,0.1621985565,0.4267041027,0.2094503609,0.6361544636,10.0000000000,0.2000000000,0.0623680847
10.0,0.3168341709,0.1466424754,0.1622171849,0.4266787623,0.2094457038,0.6361244661,10.0000000000,0.2000000000,0.0623651437
10.0,0.3213567839,0.1467111043,0.1622540169,0.4266444479,0.2094364958,0.6360809437,10.0000000000,0.2000000000,0.0623608768
10.0,0.3258793970,0.1467973282,0.1623086887,0.4266013359,0.2094228278,0.6360241637,10.0000000000,0.2000000000,0.0623553102
10.0,0.3304020101,0.1469008154,0.1623808582,0.4265495923,0.2094047855,0.6359543777,10.0000000000,0.2000000000,0.0623484684
10.0,0.3349246231,0.1470212548,0.1624702031,0.4264893726,0.2093824492,0.6358718218,10.0000000000,0.2000000000,0.0623403747
10.0,0.3394472362,0.1471583543,0.1625764208,0.4264208229,0.2093558948,0.6357767177,10.0000000000,0.2000000000,0.0623310508
10.0,0.3439698492,0.1473118402,0.1626992269,0.4263440799,0.2093251933,0.6356692731,10.0000000000,0.2000000000,0.0623205170
10.0,0.3484924623,0.1474814565,0.1628383546,0.4262592717,0.2092904114,0.6355496831,10.0000000000,0.2000000000,0.0623087925
10.0,0.3530150754,0.1476669636,0.1629935533,0.4261665182,0.2092516117,0.6354181299,10.0000000000,0.2000000000,0.0622958951
10.0,0.3575376884,0.1478681376,0.1631645887,0.4260659312,0.2092088528,0.6352747840,10.0000000000,0.2000000000,0.0622818416
10.0,0.3620603015,0.1480847698,0.1633512414,0.4259576151,0.2091621897,0.6351198048,10.0000000000,0.2000000000,0.0622666475
10.0,0.3665829146,0.1483166661,0.1635533062,0.4258416670,0.2091116735,0.6349533404,10.0000000000,0.2000000000,0.0622503275
10.0,0.3711055276,0.1485636458,0.1637705920,0.4257181771,0.2090573520,0.6347755291,10.0000000000,0.2000000000,0.0622328950
10.0,0.3756281407,0.1488255419,0.1640029208,0.4255872291,0.2089992698,0.6345864989,10.0000000000,0.2000000000,0.0622143626
10.0,0.3801507538,0.1491021995,0.1642501273,0.4254489002,0.2089374682,0.6343863684,10.0000000000,0.2000000000,0.0621947420
10.0,0.3846733668,0.1493934764,0.1645120584,0.4253032618,0.2088719854,0.6341752472,10.0000000000,0.2000000000,0.0621740438
10.0,0.3891959799,0.1496992416,0.1647885725,0.4251503792,0.2088028569,0.6339532361,10.0000000000,0.2000000000,0.0621522780
10.0,0.3937185930,0.1500193757,0.1650795396,0.4249903121,0.2087301151,0.6337204272,10.0000000000,0.2000000000,0.0621294536
10.0,0.3982412060,0.1503537701,0.1653848402,0.4248231149,0.2086537899,0.6334769049,10.0000000000,0.2000000000,0.0621055789
10.0,0.4027638191,0.1507023265,0.1657043656,0.4246488367,0.2085739086,0.6332227453,10.0000000000,0.2000000000,0.0620806613
10.0,0.4072864322,0.1510649570,0.1660380169,0.4244675215,0.2084904958,0.6329580173,10.0000000000,0.2000000000,0.0620547076
10.0,0.4118090452,0.1514415831,0.1663857052,0.4242792085,0.2084035737,0.6326827822,10.0000000000,0.2000000000,0.0620277237
10.0,0.4163316583,0.1518321362,0.1667473510,0.4240839319,0.2083131622,0.6323970941,10.0000000000,0.2000000000,0.0619997151
10.0,0.4208542714,0.1522365568,0.1671228841,0.4238817216,0.2082192790,0.6321010006,10.0000000000,0.2000000000,0.0619706863
10.0,0.4253768844,0.1526547942,0.1675122433,0.4236726029,0.2081219392,0.6317945421,10.0000000000,0.2000000000,0.0619406414
10.0,0.4298994975,0.1530868068,0.1679153758,0.4234565966,0.2080211561,0.6314777527,10.0000000000,0.2000000000,0.0619095836
10.0,0.4344221106,0.1535325611,0.1683322376,0.4232337195,0.2079169406,0.6311506601,10.0000000000,0.2000000000,0.0618775157
10.0,0.4389447236,0.1539920322,0.1687627930,0.4230039839,0.2078093017,0.6308132856,10.0000000000,0.2000000000,0.0618444398
10.0,0.4434673367,0.1544652033,0.1692070142,0.4227673983,0.2076982464,0.6304656448,10.0000000000,0.2000000000,0.0618103573
10.0,0.4479899497,0.1549520656,0.1696648814,0.4225239672,0.2075837796,0.6301077468,10.0000000000,0.2000000000,0.0617752693
10.0,0.4525125628,0.1554526181,0.1701363828,0.4222736910,0.2074659043,0.6297395953,10.0000000000,0.2000000000,0.0617391760
10.0,0.4570351759,0.1559668673,0.1706215138,0.4220165663,0.2073446215,0.6293611879,10.0000000000,0.2000000000,0.0617020772
10.0,0.4615577889,0.1564948277,0.1711202778,0.4217525861,0.2072199306,0.6289725167,10.0000000000,0.2000000000,0.0616639722
10.0,0.4660804020,0.1570365210,0.1716326852,0.4214817395,0.2070918287,0.6285735682,10.0000000000,0.2000000000,0.0616248596
10.0,0.4706030151,0.1575919763,0.1721587540,0.4212040119,0.2069603115,0.6281643234,10.0000000000,0.2000000000,0.0615847376
10.0,0.4751256281,0.1581612300,0.1726985094,0.4209193850,0.2068253727,0.6277447577,10.0000000000,0.2000000000,0.0615436037
10.0,0.4796482412,0.1587443258,0.1732519834,0.4206278371,0.2066870041,0.6273148412,10.0000000000,0.2000000000,0.0615014550
10.0,0.4841708543,0.1593413147,0.1738192156,0.4203293427,0.2065451961,0.6268745388,10.0000000000,0.2000000000,0.0614582881
10.0,0.4886934673,0.1599522545,0.1744002522,0.4200238727,0.2063999369,0.6264238097,10.0000000000,0.2000000000,0.0614140990
10.0,0.4932160804,0.1605772105,0.1749951467,0.4197113948,0.2062512133,0.6259626081,10.0000000000,0.2000000000,0.0613688831
10.0,0.4977386935,0.1612162548,0.1756039594,0.4193918726,0.2060990101,0.6254908827,10.0000000000,0.2000000000,0.0613226356
10.0,0.5022613065,0.1618694668,0.1762267577,0.4190652666,0.2059433106,0.6250085772,10.0000000000,0.2000000000,0.0612753507
10.0,0.5067839196,0.1625369328,0.1768636158,0.4187315336,0.2057840961,0.6245156297,10.0000000000,0.2000000000,0.0612270225
10.0,0.5113065327,0.1632187464,0.1775146149,0.4183906268,0.2056213463,0.6240119731,10.0000000000,0.2000000000,0.0611776444
10.0,0.5158291457,0.1639150081,0.1781798432,0.4180424960,0.2054550392,0.6234975352,10.0000000000,0.2000000000,0.0611272093
10.0,0.5203517588,0.1646258257,0.1788593959,0.4176870871,0.2052851510,0.6229722382,10.0000000000,0.2000000000,0.0610757096
10.0,0.5248743719,0.1653513143,0.1795533753,0.4173243428,0.2051116562,0.6224359990,10.0000000000,0.2000000000,0.0610231372
10.0,0.5293969849,0.1660915961,0.1802618907,0.4169542020,0.2049345273,0.6218887293,10.0000000000,0.2000000000,0.0609694833
10.0,0.5339195980,0.1668468006,0.1809850584,0.4165765997,0.2047537354,0.6213303351,10.0000000000,0.2000000000,0.0609147387
10.0,0.5384422111,0.1676170650,0.1817230023,0.4161914675,0.2045692494,0.6207607169,10.0000000000,0.2000000000,0.0608588938
10.0,0.5429648241,0.1684025336,0.1824758533,0.4157987332,0.2043810367,0.6201797699,10.0000000000,0.2000000000,0.0608019382
10.0,0.5474874372,0.1692033586,0.1832437496,0.4153983207,0.2041890626,0.6195873833,10.0000000000,0.2000000000,0.0607438611
10.0,0.5520100503,0.1700196998,0.1840268372,0.4149901501,0.2039932907,0.6189834408,10.0000000000,0.2000000000,0.0606846511
10.0,0.5565326633,0.1708517249,0.1848252694,0.4145741375,0.2037936827,0.6183678202,10.0000000000,0.2000000000,0.0606242961
10.0,0.5610552764,0.1716996096,0.1856392074,0.4141501952,0.2035901982,0.6177403934,10.0000000000,0.2000000000,0.0605627837
10.0,0.5655778894,0.1725635375,0.1864688202,0.4137182312,0.2033827950,0.6171010262,10.0000000000,0.2000000000,0.0605001006
10.0,0.5701005025,0.1734437009,0.1873142848,0.4132781496,0.2031714288,0.6164495784,10.0000000000,0.2000000000,0.0604362332
10.0,0.5746231156,0.1743403001,0.1881757864,0.4128298499,0.2029560534,0.6157859033,10.0000000000,0.2000000000,0.0603711670
10.0,0.5791457286,0.1752535445,0.1890535184,0.4123732278,0.2027366204,0.6151098482,10.0000000000,0.2000000000,0.0603048871
10.0,0.5836683417,0.1761836519,0.1899476831,0.4119081740,0.2025130792,0.6144212533,10.0000000000,0.2000000000,0.0602373778
10.0,0.5881909548,0.1771308497,0.1908584910,0.4114345752,0.2022853772,0.6137199524,10.0000000000,0.2000000000,0.0601686228
10.0,0.5927135678,0.1780953741,0.1917861621,0.4109523130,0.2020534595,0.6130057724,10.0000000000,0.2000000000,0.0600986051
10.0,0.5972361809,0.1790774711,0.1927309251,0.4104612644,0.2018172687,0.6122785331,10.0000000000,0.2000000000,0.0600273072
10.0,0.6017587940,0.1800773967,0.1936930186,0.4099613017,0.2015767454,0.6115380470,10.0000000000,0.2000000000,0.0599547105
10.0,0.6062814070,0.1810954166,0.1946726905,0.4094522917,0.2013318274,0.6107841191,10.0000000000,0.2000000000,0.0598807960
10.0,0.6108040201,0.1821318072,0.1956701988,0.4089340964,0.2010824503,0.6100165467,10.0000000000,0.2000000000,0.0598055438
10.0,0.6153266332,0.1831868556,0.1966858120,0.4084065722,0.2008285470,0.6092351192,10.0000000000,0.2000000000,0.0597289333
10.0,0.6198492462,0.1842608599,0.1977198090,0.4078695700,0.2005700478,0.6084396178,10.0000000000,0.2000000000,0.0596509429
10.0,0.6243718593,0.1853541297,0.1987724795,0.4073229352,0.2003068801,0.6076298153,10.0000000000,0.2000000000,0.0595715505
10.0,0.6288944724,0.1864669863,0.1998441250,0.4067665069,0.2000389688,0.6068054756,10.0000000000,0.2000000000,0.0594907329
10.0,0.6334170854,0.1875997634,0.2009350581,0.4062001183,0.1997662355,0.6059663538,10.0000000000,0.2000000000,0.0594084661
10.0,0.6379396985,0.1887528073,0.2020456040,0.4056235964,0.1994885990,0.6051121954,10.0000000000,0.2000000000,0.0593247250
10.0,0.6424623116,0.1899264773,0.2031761002,0.4050367613,0.1992059749,0.6042427363,10.0000000000,0.2000000000,0.0592394839
10.0,0.6469849246,0.1911211467,0.2043268973,0.4044394267,0.1989182757,0.6033577023,10.0000000000,0.2000000000,0.0591527159
10.0,0.6515075377,0.1923372024,0.2054983594,0.4038313988,0.1986254102,0.6024568089,10.0000000000,0.2000000000,0.0590643930
10.0,0.6560301508,0.1935750466,0.2066908645,0.4032124767,0.1983272839,0.6015397606,10.0000000000,0.2000000000,0.0589744863
10.0,0.6605527638,0.1948350963,0.2079048054,0.4025824518,0.1980237987,0.6006062505,10.0000000000,0.2000000000,0.0588829657
10.0,0.6650753769,0.1961177847,0.2091405899,0.4019411076,0.1977148525,0.5996559602,10.0000000000,0.2000000000,0.0587898000
10.0,0.6695979899,0.1974235616,0.2103986418,0.4012882192,0.1974003395,0.5986885587,10.0000000000,0.2000000000,0.0586949567
10.0,0.6741206030,0.1987528939,0.2116794013,0.4006235530,0.1970801497,0.5977037027,10.0000000000,0.2000000000,0.0585984022
10.0,0.6786432161,0.2001062668,0.2129833257,0.3999468666,0.1967541686,0.5967010352,10.0000000000,0.2000000000,0.0585001015
10.0,0.6831658291,0.2014841842,0.2143108905,0.3992579079,0.1964222774,0.5956801853,10.0000000000,0.2000000000,0.0584000182
10.0,0.6876884422,0.2028871697,0.2156625898,0.3985564151,0.1960843525,0.5946407677,10.0000000000,0.2000000000,0.0582981145
10.0,0.6922110553,0.2043157678,0.2170389375,0.3978421161,0.1957402656,0.5935823817,10.0000000000,0.2000000000,0.0581943511
10.0,0.6967336683,0.2057705444,0.2184404679,0.3971147278,0.1953898830,0.5925046108,10.0000000000,0.2000000000,0.0580886873
10.0,0.7012562814,0.2072520881,0.2198677370,0.3963739559,0.1950330658,0.5914070217,10.0000000000,0.2000000000,0.0579810806
10.0,0.7057788945,0.2087610114,0.2213213234,0.3956194943,0.1946696691,0.5902891635,10.0000000000,0.2000000000,0.0578714866
10.0,0.7103015075,0.2102979516,0.2228018296,0.3948510242,0.1942995426,0.5891505668,10.0000000000,0.2000000000,0.0577598595
10.0,0.7148241206,0.2118635724,0.2243098829,0.3940682138,0.1939225293,0.5879907431,10.0000000000,0.2000000000,0.0576461513
10.0,0.7193467337,0.2134585651,0.2258461369,0.3932707175,0.1935384658,0.5868091832,10.0000000000,0.2000000000,0.0575303121
10.0,0.7238693467,0.2150836501,0.2274112730,0.3924581750,0.1931471818,0.5856053567,10.0000000000,0.2000000000,0.0574122899
10.0,0.7283919598,0.2167395784,0.2290060017,0.3916302108,0.1927484996,0.5843787104,10.0000000000,0.2000000000,0.0572920304
10.0,0.7329145729,0.2184271337,0.2306310642,0.3907864332,0.1923422340,0.5831286671,10.0000000000,0.2000000000,0.0571694772
10.0,0.7374371859,0.2201471334,0.2322872344,0.3899264333,0.1919281914,0.5818546247,10.0000000000,0.2000000000,0.0570445710
10.0,0.7419597990,0.2219004315,0.2339753205,0.3890497842,0.1915061699,0.5805559541,10.0000000000,0.2000000000,0.0569172504
10.0,0.7464824121,0.2236879202,0.2356961671,0.3881560399,0.1910759582,0.5792319981,10.0000000000,0.2000000000,0.0567874508
10.0,0.7510050251,0.2255105320,0.2374506574,0.3872447340,0.1906373357,0.5778820696,10.0000000000,0.2000000000,0.0566551049
10.0,0.7555276382,0.2273692429,0.2392397155,0.3863153785,0.1901900711,0.5765054497,10.0000000000,0.2000000000,0.0565201421
10.0,0.7600502513,0.2292650744,0.2410643089,0.3853674628,0.1897339228,0.5751013856,10.0000000000,0.2000000000,0.0563824888
10.0,0.7645728643,0.2311990966,0.2429254516,0.3844004517,0.1892686371,0.5736690888,10.0000000000,0.2000000000,0.0562420675
10.0,0.7690954774,0.2331724315,0.2448242066,0.3834137842,0.1887939484,0.5722077326,10.0000000000,0.2000000000,0.0560987973
10.0,0.7736180905,0.2351862564,0.2467616894,0.3824068718,0.1883095776,0.5707164494,10.0000000000,0.2000000000,0.0559525931
10.0,0.7781407035,0.2372418074,0.2487390717,0.3813790963,0.1878152321,0.5691943284,10.0000000000,0.2000000000,0.0558033655
10.0,0.7826633166,0.2393403838,0.2507575849,0.3803298081,0.1873106038,0.5676404119,10.0000000000,0.2000000000,0.0556510208
10.0,0.7871859296,0.2414833522,0.2528185247,0.3792583239,0.1867953688,0.5660536927,10.0000000000,0.2000000000,0.0554954601
10.0,0.7917085427,0.2436721517,0.2549232555,0.3781639241,0.1862691861,0.5644331102,10.0000000000,0.2000000000,0.0553365794
10.0,0.7962311558,0.2459082993,0.2570732157,0.3770458504,0.1857316961,0.5627775464,10.0000000000,0.2000000000,0.0551742693
10.0,0.8007537688,0.2481933951,0.2592699230,0.3759033025,0.1851825193,0.5610858217,10.0000000000,0.2000000000,0.0550084139
10.0,0.8052763819,0.2505291296,0.2615149806,0.3747354352,0.1846212549,0.5593566901,10.0000000000,0.2000000000,0.0548388912
10.0,0.8097989950,0.2529172904,0.2638100842,0.3735413548,0.1840474789,0.5575888337,10.0000000000,0.2000000000,0.0546655719
10.0,0.8143216080,0.2553597701,0.2661570294,0.3723201149,0.1834607426,0.5557808576,10.0000000000,0.2000000000,0.0544883194
10.0,0.8188442211,0.2578585751,0.2685577198,0.3710707124,0.1828605701,0.5539312825,10.0000000000,0.2000000000,0.0543069885
10.0,0.8233668342,0.2604158354,0.2710141764,0.3697920823,0.1822464559,0.5520385382,10.0000000000,0.2000000000,0.0541214253
10.0,0.8278894472,0.2630338149,0.2735285479,0.3684830925,0.1816178630,0.5501009556,10.0000000000,0.2000000000,0.0539314662
10.0,0.8324120603,0.2657149244,0.2761031222,0.3671425378,0.1809742194,0.5481167572,10.0000000000,0.2000000000,0.0537369370
10.0,0.8369346734,0.2684617341,0.2787403392,0.3657691329,0.1803149152,0.5460840481,10.0000000000,0.2000000000,0.0535376518
10.0,0.8414572864,0.2712769895,0.2814428049,0.3643615052,0.1796392988,0.5440008040,10.0000000000,0.2000000000,0.0533334122
10.0,0.8459798995,0.2741636280,0.2842133083,0.3629181860,0.1789466729,0.5418648589,10.0000000000,0.2000000000,0.0531240058
10.0,0.8505025126,0.2771247986,0.2870548394,0.3614376007,0.1782362901,0.5396738908,10.0000000000,0.2000000000,0.0529092050
10.0,0.8550251256,0.2801638834,0.2899706099,0.3599180583,0.1775073475,0.5374254058,10.0000000000,0.2000000000,0.0526887653
10.0,0.8595477387,0.2832845229,0.2929640770,0.3583577386,0.1767589807,0.5351167193,10.0000000000,0.2000000000,0.0524624235
10.0,0.8640703518,0.2864906440,0.2960389709,0.3567546780,0.1759902573,0.5327449353,10.0000000000,0.2000000000,0.0522298956
10.0,0.8685929648,0.2897864931,0.2991993250,0.3551067535,0.1752001688,0.5303069222,10.0000000000,0.2000000000,0.0519908747
10.0,0.8731155779,0.2931766733,0.3024495124,0.3534116634,0.1743876219,0.5277992853,10.0000000000,0.2000000000,0.0517450280
10.0,0.8776381910,0.2966661880,0.3057942871,0.3516669060,0.1735514282,0.5252183342,10.0000000000,0.2000000000,0.0514919936
10.0,0.8821608040,0.3002604917,0.3092388319,0.3498697542,0.1726902920,0.5225600462,10.0000000000,0.2000000000,0.0512313771
10.0,0.8866834171,0.3039655485,0.3127888148,0.3480172258,0.1718027963,0.5198200221,10.0000000000,0.2000000000,0.0509627473
10.0,0.8912060302,0.3077879019,0.3164504550,0.3461060490,0.1708873862,0.5169934353,10.0000000000,0.2000000000,0.0506856309
10.0,0.8957286432,0.3117347570,0.3202306013,0.3441326215,0.1699423497,0.5140749712,10.0000000000,0.2000000000,0.0503995070
10.0,0.9002512563,0.3158140776,0.3241368244,0.3420929612,0.1689657939,0.5110587551,10.0000000000,0.2000000000,0.0501037995
10.0,0.9047738693,0.3200347032,0.3281775290,0.3399826484,0.1679556177,0.5079382661,10.0000000000,0.2000000000,0.0497978692
10.0,0.9092964824,0.3244064905,0.3323620874,0.3377967548,0.1669094781,0.5047062329,10.0000000000,0.2000000000,0.0494810032
10.0,0.9138190955,0.3289404842,0.3367010034,0.3355297579,0.1658247491,0.5013545071,10.0000000000,0.2000000000,0.0491524027
10.0,0.9183417085,0.3336491279,0.3412061124,0.3331754360,0.1646984719,0.4978739079,10.0000000000,0.2000000000,0.0488111674
10.0,0.9228643216,0.3385465249,0.3458908299,0.3307267376,0.1635272925,0.4942540301,10.0000000000,0.2000000000,0.0484562775
10.0,0.9273869347,0.3436487640,0.3507704626,0.3281756180,0.1623073844,0.4904830024,10.0000000000,0.2000000000,0.0480865689
10.0,0.9319095477,0.3489743332,0.3558626018,0.3255128334,0.1610343496,0.4865471830,10.0000000000,0.2000000000,0.0477007042
10.0,0.9364321608,0.3545446494,0.3611876285,0.3227276753,0.1597030929,0.4824307682,10.0000000000,0.2000000000,0.0472971341
10.0,0.9409547739,0.3603847482,0.3667693710,0.3198076259,0.1583076573,0.4781152831,10.0000000000,0.2000000000,0.0468740474
10.0,0.9454773869,0.3665241951,0.3726359728,0.3167379024,0.1568410068,0.4735789092,10.0000000000,0.2000000000,0.0464293048
10.0,0.9500000000,0.3729983125,0.3788210630,0.3135008437,0.1552947343,0.4687955780,10.0000000000,0.2000000000,0.0459603508
20.0,0.0500000000,0.0045004277,0.0226984315,0.4977497862,0.2443253921,0.7420751783,100.0000000000,0.2000000000,0.0074059399
20.0,0.0545226131,0.0042751195,0.0218371225,0.4978624403,0.2445407194,0.7424031597,100.0000000000,0.2000000000,0.0074092132
20.0,0.0590452261,0.0040897291,0.0211150338,0.4979551354,0.2447212415,0.7426763770,100.0000000000,0.2000000000,0.0074119399
20.0,0.0635678392,0.0039354045,0.0205033051,0.4980322977,0.2448741737,0.7429064715,100.0000000000,0.2000000000,0.0074142362
20.0,0.0680904523,0.0038057171,0.0199805500,0.4980971415,0.2450048625,0.7431020040,100.0000000000,0.2000000000,0.0074161877
20.0,0.0726130653,0.0036958915,0.0195305893,0.4981520543,0.2451173527,0.7432694069,100.0000000000,0.2000000000,0.0074178584
20.0,0.0771356784,0.0036023100,0.0191409605,0.4981988450,0.2452147599,0.7434136049,100.0000000000,0.2000000000,0.0074192975
20.0,0.0816582915,0.0035221847,0.0188019112,0.4982389077,0.2452995222,0.7435384299,100.0000000000,0.2000000000,0.0074205432
20.0,0.0861809045,0.0034533341,0.0185057027,0.4982733330,0.2453735743,0.7436469073,100.0000000000,0.2000000000,0.0074216258
20.0,0.0907035176,0.0033940284,0.0182461173,0.4983029858,0.2454384707,0.7437414565,100.0000000000,0.2000000000,0.0074225694
20.0,0.0952261307,0.0033428793,0.0180181038,0.4983285603,0.2454954740,0.7438240344,100.0000000000,0.2000000000,0.0074233936
20.0,0.0997487437,0.0032987605,0.0178175171,0.4983506197,0.2455456207,0.7438962405,100.0000000000,0.2000000000,0.0074241142
20.0,0.1042713568,0.0032607493,0.0176409248,0.4983696254,0.2455897688,0.7439593942,100.0000000000,0.2000000000,0.0074247445
20.0,0.1087939698,0.0032280831,0.0174854613,0.4983859585,0.2456286347,0.7440145931,100.0000000000,0.2000000000,0.0074252953
20.0,0.1133165829,0.0032001267,0.0173487158,0.4983999367,0.2456628210,0.7440627577,100.0000000000,0.2000000000,0.0074257760
20.0,0.1178391960,0.0031763470,0.0172286469,0.4984118265,0.2456928383,0.7441046648,100.0000000000,0.2000000000,0.0074261943
20.0,0.1223618090,0.0031562937,0.0171235143,0.4984218532,0.2457191214,0.7441409746,100.0000000000,0.2000000000,0.0074265566
20.0,0.1268844221,0.0031395840,0.0170318263,0.4984302080,0.2457420434,0.7441722514,100.0000000000,0.2000000000,0.0074268688
20.0,0.1314070352,0.0031258907,0.0169522973,0.4984370547,0.2457619257,0.7441989803,100.0000000000,0.2000000000,0.0074271355
20.0,0.1359296482,0.0031149329,0.0168838139,0.4984425336,0.2457790465,0.7442215801,100.0000000000,0.2000000000,0.0074273611
20.0,0.1404522613,0.0031064680,0.0168254074,0.4984467660,0.2457936482,0.7442404142,100.0000000000,0.2000000000,0.0074275490
20.0,0.1449748744,0.0031002858,0.0167762315,0.4984498571,0.2458059421,0.7442557992,100.0000000000,0.2000000000,0.0074277026
20.0,0.1494974874,0.0030962033,0.0167355441,0.4984518984,0.2458161140,0.7442680123,100.0000000000,0.2000000000,0.0074278245
20.0,0.1540201005,0.0030940609,0.0167026919,0.4984529696,0.2458243270,0.7442772966,100.0000000000,0.2000000000,0.0074279171
20.0,0.1585427136,0.0030937185,0.0166770981,0.4984531407,0.2458307255,0.7442838662,100.0000000000,0.2000000000,0.0074279827
20.0,0.1630653266,0.0030950534,0.0166582517,0.4984524733,0.2458354371,0.7442879104,100.0000000000,0.2000000000,0.0074280231
20.0,0.1675879397,0.0030979572,0.0166456988,0.4984510214,0.2458385753,0.7442895967,100.0000000000,0.2000000000,0.0074280399
20.0,0.1721105528,0.0031023343,0.0166390354,0.4984488328,0.2458402411,0.7442890740,100.0000000000,0.2000000000,0.0074280347
20.0,0.1766331658,0.0031081003,0.0166379008,0.4984459499,0.2458405248,0.7442864747,100.0000000000,0.2000000000,0.0074280087
20.0,0.1811557789,0.0031151802,0.0166419723,0.4984424099,0.2458395069,0.7442819169,100.0000000000,0.2000000000,0.0074279632
20.0,0.1856783920,0.0031235076,0.0166509608,0.4984382462,0.2458372598,0.7442755060,100.0000000000,0.2000000000,0.0074278993
20.0,0.1902010050,0.0031330235,0.0166646069,0.4984334882,0.2458338483,0.7442673365,100.0000000000,0.2000000000,0.0074278177
20.0,0.1947236181,0.0031436757,0.0166826772,0.4984281622,0.2458293307,0.7442574929,100.0000000000,0.2000000000,0.0074277195
20.0,0.1992462312,0.0031554174,0.0167049618,0.4984222913,0.2458237596,0.7442460508,100.0000000000,0.2000000000,0.0074276053
20.0,0.2037688442,0.0031682075,0.0167312716,0.4984158963,0.2458171821,0.7442330784,100.0000000000,0.2000000000,0.0074274758
20.0,0.2082914573,0.0031820091,0.0167614359,0.4984089955,0.2458096410,0.7442186365,100.0000000000,0.2000000000,0.0074273317
20.0,0.2128140704,0.0031967898,0.0167953011,0.4984016051,0.2458011747,0.7442027798,100.0000000000,0.2000000000,0.0074271735
20.0,0.2173366834,0.0032125207,0.0168327281,0.4983937396,0.2457918180,0.7441855576,100.0000000000,0.2000000000,0.0074270016
20.0,0.2218592965,0.0032291766,0.0168735918,0.4983854117,0.2457816021,0.7441670138,100.0000000000,0.2000000000,0.0074268165
20.0,0.2263819095,0.0032467349,0.0169177791,0.4983766325,0.2457705552,0.7441471878,100.0000000000,0.2000000000,0.0074266186
20.0,0.2309045226,0.0032651762,0.0169651881,0.4983674119,0.2457587030,0.7441261149,100.0000000000,0.2000000000,0.0074264083
20.0,0.2354271357,0.0032844835,0.0170157271,0.4983577582,0.2457460682,0.7441038265,100.0000000000,0.2000000000,0.0074261859
20.0,0.2399497487,0.0033046421,0.0170693135,0.4983476790,0.2457326716,0.7440803506,100.0000000000,0.2000000000,0.0074259516
20.0,0.2444723618,0.0033256393,0.0171258734,0.4983371803,0.2457185317,0.7440557120,100.0000000000,0.2000000000,0.0074257057
20.0,0.2489949749,0.0033474648,0.0171853402,0.4983262676,0.2457036649,0.7440299326,100.0000000000,0.2000000000,0.0074254484
20.0,0.2535175879,0.0033701095,0.0172476550,0.4983149452,0.2456880863,0.7440030315,100.0000000000,0.2000000000,0.0074251800
20.0,0.2580402010,0.0033935666,0.0173127650,0.4983032167,0.2456718088,0.7439750254,100.0000000000,0.2000000000,0.0074249005
20.0,0.2625628141,0.0034178305,0.0173806238,0.4982910847,0.2456548441,0.7439459288,100.0000000000,0.2000000000,0.0074246101
20.0,0.2670854271,0.0034428972,0.0174511904,0.4982785514,0.2456372024,0.7439157538,100.0000000000,0.2000000000,0.0074243089
20.0,0.2716080402,0.0034687640,0.0175244292,0.4982656180,0.2456188927,0.7438845107,100.0000000000,0.2000000000,0.0074239971
20.0,0.2761306533,0.0034954297,0.0176003095,0.4982522852,0.2455999226,0.7438522078,100.0000000000,0.2000000000,0.0074236747
20.0,0.2806532663,0.0035228940,0.0176788052,0.4982385530,0.2455802987,0.7438188517,100.0000000000,0.2000000000,0.0074233418
20.0,0.2851758794,0.0035511582,0.0177598943,0.4982244209,0.2455600264,0.7437844473,100.0000000000,0.2000000000,0.0074229985
20.0,0.2896984925,0.0035802243,0.0178435590,0.4982098878,0.2455391102,0.7437489981,100.0000000000,0.2000000000,0.0074226447
20.0,0.2942211055,0.0036100957,0.0179297854,0.4981949521,0.2455175537,0.7437125058,100.0000000000,0.2000000000,0.0074222805
20.0,0.2987437186,0.0036407767,0.0180185630,0.4981796117,0.2454953593,0.7436749709,100.0000000000,0.2000000000,0.0074219059
20.0,0.3032663317,0.0036722725,0.0181098848,0.4981638637,0.2454725288,0.7436363925,100.0000000000,0.2000000000,0.0074215209
20.0,0.3077889447,0.0037045895,0.0182037472,0.4981477053,0.2454490632,0.7435967685,100.0000000000,0.2000000000,0.0074211254
20.0,0.3123115578,0.0037377347,0.0183001495,0.4981311326,0.2454249626,0.7435560953,100.0000000000,0.2000000000,0.0074207195
20.0,0.3168341709,0.0037717165,0.0183990941,0.4981141418,0.2454002265,0.7435143682,100.0000000000,0.2000000000,0.0074203031
20.0,0.3213567839,0.0038065436,0.0185005864,0.4980967282,0.2453748534,0.7434715816,100.0000000000,0.2000000000,0.0074198761
20.0,0.3258793970,0.0038422261,0.0186046343,0.4980788869,0.2453488414,0.7434277284,100.0000000000,0.2000000000,0.0074194384
20.0,0.3304020101,0.0038787747,0.0187112487,0.4980606126,0.2453221878,0.7433828005,100.0000000000,0.2000000000,0.0074189900
20.0,0.3349246231,0.0039162011,0.0188204427,0.4980418994,0.2452948893,0.7433367888,100.0000000000,0.2000000000,0.0074185308
20.0,0.3394472362,0.0039545177,0.0189322324,0.4980227411,0.2452669419,0.7432896830,100.0000000000,0.2000000000,0.0074180607
20.0,0.3439698492,0.0039937380,0.0190466361,0.4980031310,0.2452383410,0.7432414720,100.0000000000,0.2000000000,0.0074175796
20.0,0.3484924623,0.0040338760,0.0191636746,0.4979830620,0.2452090814,0.7431921433,100.0000000000,0.2000000000,0.0074170873
20.0,0.3530150754,0.0040749470,0.0192833709,0.4979625265,0.2451791573,0.7431416838,100.0000000000,0.2000000000,0.0074165837
20.0,0.3575376884,0.0041169667,0.0194057508,0.4979415166,0.2451485623,0.7430900789,100.0000000000,0.2000000000,0.0074160687
20.0,0.3620603015,0.0041599521,0.0195308419,0.4979200239,0.2451172895,0.7430373134,100.0000000000,0.2000000000,0.0074155421
20.0,0.3665829146,0.0042039209,0.0196586746,0.4978980396,0.2450853314,0.7429833709,100.0000000000,0.2000000000,0.0074150037
20.0,0.3711055276,0.0042488916,0.0197892812,0.4978755542,0.2450526797,0.7429282339,100.0000000000,0.2000000000,0.0074144534
20.0,0.3756281407,0.0042948836,0.0199226965,0.4978525582,0.2450193259,0.7428718841,100.0000000000,0.2000000000,0.0074138911
20.0,0.3801507538,0.0043419176,0.0200589575,0.4978290412,0.2449852606,0.7428143018,100.0000000000,0.2000000000,0.0074133164
20.0,0.3846733668,0.0043900147,0.0201981036,0.4978049926,0.2449504741,0.7427554668,100.0000000000,0.2000000000,0.0074127292
20.0,0.3891959799,0.0044391974,0.0203401763,0.4977804013,0.2449149559,0.7426953572,100.0000000000,0.2000000000,0.0074121293
20.0,0.3937185930,0.0044894889,0.0204852198,0.4977552556,0.2448786951,0.7426339506,100.0000000000,0.2000000000,0.0074115165
20.0,0.3982412060,0.0045409136,0.0206332801,0.4977295432,0.2448416800,0.7425712232,100.0000000000,0.2000000000,0.0074108905
20.0,0.4027638191,0.0045934968,0.0207844061,0.4977032516,0.2448038985,0.7425071500,100.0000000000,0.2000000000,0.0074102510
20.0,0.4072864322,0.0046472651,0.0209386488,0.4976763675,0.2447653378,0.7424417053,100.0000000000,0.2000000000,0.0074095979
20.0,0.4118090452,0.0047022458,0.0210960615,0.4976488771,0.2447259846,0.7423748617,100.0000000000,0.2000000000,0.0074089308
20.0,0.4163316583,0.0047584677,0.0212567004,0.4976207662,0.2446858249,0.7423065911,100.0000000000,0.2000000000,0.0074082494
20.0,0.4208542714,0.0048159606,0.0214206239,0.4975920197,0.2446448440,0.7422368638,100.0000000000,0.2000000000,0.0074075535
20.0,0.4253768844,0.0048747555,0.0215878930,0.4975626223,0.2446030268,0.7421656490,100.0000000000,0.2000000000,0.0074068428
20.0,0.4298994975,0.0049348847,0.0217585714,0.4975325577,0.2445603571,0.7420929148,100.0000000000,0.2000000000,0.0074061169
20.0,0.4344221106,0.0049963817,0.0219327255,0.4975018091,0.2445168186,0.7420186277,100.0000000000,0.2000000000,0.0074053755
20.0,0.4389447236,0.0050592816,0.0221104244,0.4974703592,0.2444723939,0.7419427531,100.0000000000,0.2000000000,0.0074046183
20.0,0.4434673367,0.0051236206,0.0222917401,0.4974381897,0.2444270650,0.7418652547,100.0000000000,0.2000000000,0.0074038449
20.0,0.4479899497,0.0051894363,0.0224767473,0.4974052818,0.2443808132,0.7417860950,100.0000000000,0.2000000000,0.0074030548
20.0,0.4525125628,0.0052567681,0.0226655240,0.4973716160,0.2443336190,0.7417052350,100.0000000000,0.2000000000,0.0074022479
20.0,0.4570351759,0.0053256567,0.0228581509,0.4973371717,0.2442854623,0.7416226339,100.0000000000,0.2000000000,0.0074014235
20.0,0.4615577889,0.0053961444,0.0230547123,0.4973019278,0.2442363219,0.7415382497,100.0000000000,0.2000000000,0.0074005813
20.0,0.4660804020,0.0054682755,0.0232552953,0.4972658623,0.2441861762,0.7414520384,100.0000000000,0.2000000000,0.0073997209
20.0,0.4706030151,0.0055420956,0.0234599907,0.4972289522,0.2441350023,0.7413639545,100.0000000000,0.2000000000,0.0073988419
20.0,0.4751256281,0.0056176524,0.0236688928,0.4971911738,0.2440827768,0.7412739506,100.0000000000,0.2000000000,0.0073979436
20.0,0.4796482412,0.0056949954,0.0238820992,0.4971525023,0.2440294752,0.7411819775,100.0000000000,0.2000000000,0.0073970257
20.0,0.4841708543,0.0057741762,0.0240997114,0.4971129119,0.2439750721,0.7410879841,100.0000000000,0.2000000000,0.0073960877
20.0,0.4886934673,0.0058552483,0.0243218349,0.4970723759,0.2439195413,0.7409919171,100.0000000000,0.2000000000,0.0073951289
20.0,0.4932160804,0.0059382674,0.0245485790,0.4970308663,0.2438628552,0.7408937215,100.0000000000,0.2000000000,0.0073941489
20.0,0.4977386935,0.0060232916,0.0247800573,0.4969883542,0.2438049857,0.7407933399,100.0000000000,0.2000000000,0.0073931471
20.0,0.5022613065,0.0061103812,0.0250163875,0.4969448094,0.2437459031,0.7406907125,100.0000000000,0.2000000000,0.0073921229
20.0,0.5067839196,0.0061995989,0.0252576920,0.4969002005,0.2436855770,0.7405857775,100.0000000000,0.2000000000,0.0073910756
20.0,0.5113065327,0.0062910102,0.0255040977,0.4968544949,0.2436239756,0.7404784705,100.0000000000,0.2000000000,0.0073900047
20.0,0.5158291457,0.0063846832,0.0257557364,0.4968076584,0.2435610659,0.7403687243,100.0000000000,0.2000000000,0.0073889094
20.0,0.5203517588,0.0064806887,0.0260127450,0.4967596556,0.2434968137,0.7402564694,100.0000000000,0.2000000000,0.0073877891
20.0,0.5248743719,0.0065791007,0.0262752655,0.4967104497,0.2434311836,0.7401416333,100.0000000000,0.2000000000,0.0073866430
20.0,0.5293969849,0.0066799960,0.0265434454,0.4966600020,0.2433641387,0.7400241406,100.0000000000,0.2000000000,0.0073854705
20.0,0.5339195980,0.0067834550,0.0268174379,0.4966082725,0.2432956405,0.7399039130,100.0000000000,0.2000000000,0.0073842706
20.0,0.5384422111,0.0068895613,0.0270974022,0.4965552193,0.2432256495,0.7397808688,100.0000000000,0.2000000000,0.0073830426
20.0,0.5429648241,0.0069984021,0.0273835035,0.4965007989,0.2431541241,0.7396549231,100.0000000000,0.2000000000,0.0073817857
20.0,0.5474874372,0.0071100685,0.0276759137,0.4964449657,0.2430810216,0.7395259873,100.0000000000,0.2000000000,0.0073804989
20.0,0.5520100503,0.0072246554,0.0279748112,0.4963876723,0.2430062972,0.7393939695,100.0000000000,0.2000000000,0.0073791813
20.0,0.5565326633,0.0073422620,0.0282803817,0.4963288690,0.2429299046,0.7392587736,100.0000000000,0.2000000000,0.0073778321
20.0,0.5610552764,0.0074629917,0.0285928181,0.4962685041,0.2428517955,0.7391202996,100.0000000000,0.2000000000,0.0073764501
20.0,0.5655778894,0.0075869528,0.0289123210,0.4962065236,0.2427719197,0.7389784433,100.0000000000,0.2000000000,0.0073750344
20.0,0.5701005025,0.0077142583,0.0292390991,0.4961428709,0.2426902252,0.7388330961,100.0000000000,0.2000000000,0.0073735838
20.0,0.5746231156,0.0078450261,0.0295733696,0.4960774869,0.2426066576,0.7386841445,100.0000000000,0.2000000000,0.0073720973
20.0,0.5791457286,0.0079793800,0.0299153585,0.4960103100,0.2425211604,0.7385314704,100.0000000000,0.2000000000,0.0073705736
20.0,0.5836683417,0.0081174490,0.0302653009,0.4959412755,0.2424336748,0.7383749503,100.0000000000,0.2000000000,0.0073690115
20.0,0.5881909548,0.0082593684,0.0306234420,0.4958703158,0.2423441395,0.7382144553,100.0000000000,0.2000000000,0.0073674097
20.0,0.5927135678,0.0084052797,0.0309900368,0.4957973602,0.2422524908,0.7380498510,100.0000000000,0.2000000000,0.0073657670
20.0,0.5972361809,0.0085553312,0.0313653512,0.4957223344,0.2421586622,0.7378809966,100.0000000000,0.2000000000,0.0073640818
20.0,0.6017587940,0.0087096781,0.0317496624,0.4956451609,0.2420625844,0.7377077453,100.0000000000,0.2000000000,0.0073623527
20.0,0.6062814070,0.0088684834,0.0321432591,0.4955657583,0.2419641852,0.7375299435,100.0000000000,0.2000000000,0.0073605783
20.0,0.6108040201,0.0090319178,0.0325464428,0.4954840411,0.2418633893,0.7373474304,100.0000000000,0.2000000000,0.0073587568
20.0,0.6153266332,0.0092001603,0.0329595277,0.4953999199,0.2417601181,0.7371600379,100.0000000000,0.2000000000,0.0073568866
20.0,0.6198492462,0.0093733989,0.0333828420,0.4953133005,0.2416542895,0.7369675900,100.0000000000,0.2000000000,0.0073549660
20.0,0.6243718593,0.0095518312,0.0338167281,0.4952240844,0.2415458180,0.7367699024,100.0000000000,0.2000000000,0.0073529930
20.0,0.6288944724,0.0097356644,0.0342615439,0.4951321678,0.2414346140,0.7365667819,100.0000000000,0.2000000000,0.0073509659
20.0,0.6334170854,0.0099251165,0.0347176630,0.4950374417,0.2413205843,0.7363580260,100.0000000000,0.2000000000,0.0073488825
20.0,0.6379396985,0.0101204169,0.0351854762,0.4949397916,0.2412036310,0.7361434225,100.0000000000,0.2000000000,0.0073467407
20.0,0.6424623116,0.0103218066,0.0356653920,0.4948390967,0.2410836520,0.7359227487,100.0000000000,0.2000000000,0.0073445384
20.0,0.6469849246,0.0105295397,0.0361578378,0.4947352302,0.2409605405,0.7356957707,100.0000000000,0.2000000000,0.0073422732
20.0,0.6515075377,0.0107438835,0.0366632609,0.4946280583,0.2408341848,0.7354622430,100.0000000000,0.2000000000,0.0073399425
20.0,0.6560301508,0.0109651198,0.0371821296,0.4945174401,0.2407044676,0.7352219077,100.0000000000,0.2000000000,0.0073375440
20.0,0.6605527638,0.0111935459,0.0377149345,0.4944032270,0.2405712664,0.7349744934,100.0000000000,0.2000000000,0.0073350748
20.0,0.6650753769,0.0114294752,0.0382621895,0.4942852624,0.2404344526,0.7347197150,100.0000000000,0.2000000000,0.0073325321
20.0,0.6695979899,0.0116732388,0.0388244337,0.4941633806,0.2402938916,0.7344572722,100.0000000000,0.2000000000,0.0073299129
20.0,0.6741206030,0.0119251861,0.0394022324,0.4940374069,0.2401494419,0.7341868488,100.0000000000,0.2000000000,0.0073272141
20.0,0.6786432161,0.0121856868,0.0399961791,0.4939071566,0.2400009552,0.7339081119,100.0000000000,0.2000000000,0.0073244323
20.0,0.6831658291,0.0124551315,0.0406068967,0.4937724343,0.2398482758,0.7336207101,100.0000000000,0.2000000000,0.0073215640
20.0,0.6876884422,0.0127339338,0.0412350397,0.4936330331,0.2396912401,0.7333242732,100.0000000000,0.2000000000,0.0073186055
20.0,0.6922110553,0.0130225316,0.0418812963,0.4934887342,0.2395296759,0.7330184101,100.0000000000,0.2000000000,0.0073155530
20.0,0.6967336683,0.0133213891,0.0425463900,0.4933393054,0.2393634025,0.7327027079,100.0000000000,0.2000000000,0.0073124023
20.0,0.7012562814,0.0136309984,0.0432310821,0.4931845008,0.2391922295,0.7323767303,100.0000000000,0.2000000000,0.0073091490
20.0,0.7057788945,0.0139518817,0.0439361746,0.4930240592,0.2390159564,0.7320400155,100.0000000000,0.2000000000,0.0073057886
20.0,0.7103015075,0.0142845935,0.0446625119,0.4928577032,0.2388343720,0.7316920753,100.0000000000,0.2000000000,0.0073023161
20.0,0.7148241206,0.0146297234,0.0454109846,0.4926851383,0.2386472538,0.7313323921,100.0000000000,0.2000000000,0.0072987265
20.0,0.7193467337,0.0149878982,0.0461825319,0.4925060509,0.2384543670,0.7309604179,100.0000000000,0.2000000000,0.0072950142
20.0,0.7238693467,0.0153597852,0.0469781453,0.4923201074,0.2382554637,0.7305755711,100.0000000000,0.2000000000,0.0072911734
20.0,0.7283919598,0.0157460952,0.0477988718,0.4921269524,0.2380502820,0.7301772345,100.0000000000,0.2000000000,0.0072871979
20.0,0.7329145729,0.0161475861,0.0486458184,0.4919262069,0.2378385454,0.7297647523,100.0000000000,0.2000000000,0.0072830814
20.0,0.7374371859,0.0165650668,0.0495201556,0.4917174666,0.2376199611,0.7293374277,100.0000000000,0.2000000000,0.0072788166
20.0,0.7419597990,0.0169994009,0.0504231225,0.4915002996,0.2373942194,0.7288945189,100.0000000000,0.2000000000,0.0072743964
20.0,0.7464824121,0.0174515119,0.0513560316,0.4912742440,0.2371609921,0.7284352362,100.0000000000,0.2000000000,0.0072698127
20.0,0.7510050251,0.0179223879,0.0523202741,0.4910388061,0.2369199315,0.7279587375,100.0000000000,0.2000000000,0.0072650573
20.0,0.7555276382,0.0184130871,0.0533173260,0.4907934565,0.2366706685,0.7274641249,100.0000000000,0.2000000000,0.0072601210
20.0,0.7600502513,0.0189247441,0.0543487545,0.4905376279,0.2364128114,0.7269504393,100.0000000000,0.2000000000,0.0072549944
20.0,0.7645728643,0.0194585766,0.0554162249,0.4902707117,0.2361459438,0.7264166555,100.0000000000,0.2000000000,0.0072496672
20.0,0.7690954774,0.0200158928,0.0565215081,0.4899920536,0.2358696230,0.7258616766,100.0000000000,0.2000000000,0.0072441285
20.0,0.7736180905,0.0205980997,0.0576664895,0.4897009501,0.2355833776,0.7252843277,100.0000000000,0.2000000000,0.0072383665
20.0,0.7781407035,0.0212067124,0.0588531780,0.4893966438,0.2352867055,0.7246833493,100.0000000000,0.2000000000,0.0072323688
20.0,0.7826633166,0.0218433638,0.0600837160,0.4890783181,0.2349790710,0.7240573891,100.0000000000,0.2000000000,0.0072261216
20.0,0.7871859296,0.0225098168,0.0613603906,0.4887450916,0.2346599024,0.7234049939,100.0000000000,0.2000000000,0.0072196107
20.0,0.7917085427,0.0232079761,0.0626856459,0.4883960120,0.2343285885,0.7227246005,100.0000000000,0.2000000000,0.0072128204
20.0,0.7962311558,0.0239399026,0.0640620968,0.4880300487,0.2339844758,0.7220145245,100.0000000000,0.2000000000,0.0072057338
20.0,0.8007537688,0.0247078296,0.0654925435,0.4876460852,0.2336268641,0.7212729493,100.0000000000,0.2000000000,0.0071983328
20.0,0.8052763819,0.0255141798,0.0669799884,0.4872429101,0.2332550029,0.7204979130,100.0000000000,0.2000000000,0.0071905979
20.0,0.8097989950,0.0263615858,0.0685276546,0.4868192071,0.2328680863,0.7196872935,100.0000000000,0.2000000000,0.0071825079
20.0,0.8143216080,0.0272529121,0.0701390062,0.4863735439,0.2324652484,0.7188387924,100.0000000000,0.2000000000,0.0071740398
20.0,0.8188442211,0.0281912808,0.0718177712,0.4859043596,0.2320455572,0.7179499168,100.0000000000,0.2000000000,0.0071651688
20.0,0.8233668342,0.0291800999,0.0735679669,0.4854099500,0.2316080083,0.7170179583,100.0000000000,0.2000000000,0.0071558678
20.0,0.8278894472,0.0302230958,0.0753939286,0.4848884521,0.2311515179,0.7160399700,100.0000000000,0.2000000000,0.0071461075
20.0,0.8324120603,0.0313243502,0.0773003414,0.4843378249,0.2306749147,0.7150127395,100.0000000000,0.2000000000,0.0071358557
20.0,0.8369346734,0.0324883425,0.0792922765,0.4837558288,0.2301769309,0.7139327597,100.0000000000,0.2000000000,0.0071250774
20.0,0.8414572864,0.0337199972,0.0813752315,0.4831400014,0.2296561921,0.7127961935,100.0000000000,0.2000000000,0.0071137345
20.0,0.8459798995,0.0350247397,0.0835551766,0.4824876301,0.2291112059,0.7115988360,100.0000000000,0.2000000000,0.0071017848
20.0,0.8505025126,0.0364085594,0.0858386064,0.4817957203,0.2285403484,0.7103360687,100.0000000000,0.2000000000,0.0070891823
20.0,0.8550251256,0.0378780828,0.0882325997,0.4810609586,0.2279418501,0.7090028087,100.0000000000,0.2000000000,0.0070758763
20.0,0.8595477387,0.0394406582,0.0907448866,0.4802796709,0.2273137783,0.7075934493,100.0000000000,0.2000000000,0.0070618109
20.0,0.8640703518,0.0411044541,0.0933839266,0.4794477729,0.2266540184,0.7061017913,100.0000000000,0.2000000000,0.0070469241
20.0,0.8685929648,0.0428785743,0.0961589974,0.4785607128,0.2259602507,0.7045209635,100.0000000000,0.2000000000,0.0070311473
20.0,0.8731155779,0.0447731918,0.0990802984,0.4776134041,0.2252299254,0.7028433295,100.0000000000,0.2000000000,0.0070144045
20.0,0.8776381910,0.0467997072,0.1021590699,0.4766001464,0.2244602325,0.7010603790,100.0000000000,0.2000000000,0.0069966106
20.0,0.8821608040,0.0489709352,0.1054077325,0.4755145324,0.2236480669,0.6991625993,100.0000000000,0.2000000000,0.0069776707
20.0,0.8866834171,0.0513013270,0.1088400505,0.4743493365,0.2227899874,0.6971393239,100.0000000000,0.2000000000,0.0069574783
20.0,0.8912060302,0.0538072343,0.1124713233,0.4730963828,0.2218821692,0.6949785520,100.0000000000,0.2000000000,0.0069359137
20.0,0.8957286432,0.0565072276,0.1163186137,0.4717463862,0.2209203466,0.6926667328,100.0000000000,0.2000000000,0.0069128416
20.0,0.9002512563,0.0594224799,0.1204010186,0.4702887601,0.2198997454,0.6901885054,100.0000000000,0.2000000000,0.0068881088
20.0,0.9047738693,0.0625772331,0.1247399947,0.4687113834,0.2188150013,0.6875263848,100.0000000000,0.2000000000,0.0068615408
20.0,0.9092964824,0.0659993699,0.1293597519,0.4670003151,0.2176600620,0.6846603771,100.0000000000,0.2000000000,0.0068329379
20.0,0.9138190955,0.0697211183,0.1342877338,0.4651394408,0.2164280666,0.6815675074,100.0000000000,0.2000000000,0.0068020709
20.0,0.9183417085,0.0737799299,0.1395552080,0.4631100350,0.2151111980,0.6782212330,100.0000000000,0.2000000000,0.0067686750
20.0,0.9228643216,0.0782195826,0.1451980014,0.4608902087,0.2137004997,0.6745907084,100.0000000000,0.2000000000,0.0067324422
20.0,0.9273869347,0.0830915813,0.1512574238,0.4584542094,0.2121856441,0.6706398534,100.0000000000,0.2000000000,0.0066930125
20.0,0.9319095477,0.0884569582,0.1577814453,0.4557715209,0.2105546387,0.6663261596,100.0000000000,0.2000000000,0.0066499617
20.0,0.9364321608,0.0943886162,0.1648262178,0.4528056919,0.2087934456,0.6615991375,100.0000000000,0.2000000000,0.0066027858
20.0,0.9409547739,0.1009744273,0.1724580730,0.4495127864,0.2068854818,0.6563982681,100.0000000000,0.2000000000,0.0065508809
20.0,0.9454773869,0.1083213993,0.1807561982,0.4458393003,0.2048109504,0.6506502508,100.0000000000,0.2000000000,0.0064935155
20.0,0.9500000000,0.1165613931,0.1898162958,0.4417193034,0.2025459261,0.6442652295,100.0000000000,0.2000000000,0.0064297927
